id;full_name;email;phone_number
1;thoughtfully;Ettie69@gmail.com;epic fooey
2;tousle challenge;Esther_Hartmann@hotmail.com;adventurously
3;windy flawless why;Angelica_Hilll78@hotmail.com;powerfully confirm nor
4;er;Karianne18@yahoo.com;wildly geez
5;behind;Ethel69@yahoo.com;hence
6;meh;Jed62@yahoo.com;yahoo mill
7;eek represent;Genesis.Prohaska@hotmail.com;ferret popularize tragic
8;failing vastly boo;Antonette.Steuber95@gmail.com;until er
9;than especially;Carlotta_Cartwright95@hotmail.com;atop
10;after slump yahoo;Jaycee66@gmail.com;tightly
